variant,profile,run_id,is_warmup,samples_total,samples_success,samples_failed,duration_s,throughput_rps,http_mean_ms,http_median_ms,http_p95_ms,http_p99_ms,app_n,app_mean_ms,app_median_ms,app_p95_ms,app_p99_ms,submitted_n,classified_n,failed_n,swept_n,pairing_loss_pct
e-async,baseline,baseline_m1,False,201,201,0,2.28,88.15789473684211,8.686567164179104,8.0,12.0,25.0,400,15.585,16.0,17.0,18.029999999999973,400,400,0,0,0.0
e-async,baseline,baseline_m2,False,201,201,0,2.382,84.38287153652392,9.024875621890548,8.0,13.0,24.0,400,16.1,16.0,18.0,29.039999999999964,400,400,0,0,0.0
e-async,baseline,baseline_m3,False,201,201,0,2.388,84.17085427135679,9.199004975124378,8.0,13.0,30.0,200,16.39,16.0,19.0,27.059999999999945,200,200,0,0,0.0
e-async,baseline,baseline_m4,False,201,201,0,2.52,79.76190476190476,9.572139303482587,8.0,14.0,31.0,200,16.85,16.0,19.049999999999983,28.1099999999999,200,200,0,0,0.0
e-async,baseline,baseline_m5,False,201,201,0,2.268,88.62433862433863,8.711442786069652,8.0,13.0,16.0,200,15.54,16.0,17.0,22.019999999999982,200,200,0,0,0.0
e-async,baseline,baseline_warmup,True,201,201,0,2.381,84.41831163376733,9.099502487562189,8.0,13.0,25.0,400,16.4425,16.0,21.0,34.01999999999998,400,400,0,0,0.0
e-async,high,high_m1,False,55235,55235,0,60.397,914.5321787506002,19.857047162125465,19.0,33.0,42.0,5455,2781.642529789184,2984.0,3596.3,3821.46,55234,5455,49779,0,0.0
e-async,high,high_m2,False,55006,55006,0,60.405,910.619981789587,19.930425771733994,19.0,33.0,46.0,5418,2795.496493170912,2952.0,3917.1499999999996,4145.83,55005,5418,49587,0,0.0
e-async,high,high_m3,False,53503,53503,0,60.387,886.0019540629605,20.498196362820778,20.0,34.0,43.0,5307,2918.67891464104,3022.0,3897.1999999999953,4350.94,53502,5307,48195,0,0.0
e-async,high,high_m4,False,53147,53147,0,60.399,879.9317869501151,20.62895365683858,20.0,35.0,45.0,5409,2795.429469402847,3028.0,3689.399999999998,4144.84,53146,5409,47737,0,0.0
e-async,high,high_m5,False,50286,50286,0,60.409,832.4256319422602,21.80151533229925,21.0,37.0,48.0,5122,2977.790511518938,3187.0,3623.0,4105.79,50285,5122,45163,0,0.0
e-async,high,high_warmup,True,54023,54023,0,60.385,894.6427092821065,20.300575680728578,19.0,35.0,45.0,5316,2873.2898796087284,3048.0,3978.25,4438.85,54022,5316,48706,0,0.0
e-async,moderate,moderate_m1,False,5207,5207,0,60.46,86.12305656632485,6.93739197234492,6.0,13.0,24.9399999999996,5206,17.515366884364195,17.0,23.75,36.0,5206,5206,0,0,0.0
e-async,moderate,moderate_m2,False,5198,5198,0,60.426,86.02257306457484,7.024817237399,6.0,12.0,21.0,5197,17.854723879161053,17.0,23.0,35.0,5197,5197,0,0,0.0
e-async,moderate,moderate_m3,False,5199,5199,0,60.416,86.05336334745763,7.19311406039623,6.0,13.0,24.0,5198,18.58310888803386,18.0,26.0,43.0,5198,5198,0,0,0.0
e-async,moderate,moderate_m4,False,5196,5196,0,60.383,86.05070963681831,7.055619707467282,6.0,13.0,23.0,5195,17.928392685274304,17.0,24.0,35.0600000000004,5195,5195,0,0,0.0
e-async,moderate,moderate_m5,False,5208,5208,0,60.403,86.22088306872175,6.853302611367128,6.0,12.0,21.0,5207,18.401382753985022,17.0,24.0,51.9399999999996,5207,5207,0,0,0.0
e-async,moderate,moderate_warmup,True,5190,5190,0,60.386,85.94707382505878,7.166859344894027,6.0,12.0,21.0,5189,18.29755251493544,18.0,24.0,36.11999999999989,5189,5189,0,0,0.0
e-sync,baseline,baseline_m1,False,201,201,0,4.527,44.40026507620941,20.19402985074627,20.0,22.0,27.0,200,9.16,9.0,10.0,10.0,200,200,0,0,0.0
e-sync,baseline,baseline_m2,False,201,201,0,4.469,44.976504810919664,19.761194029850746,19.0,23.0,25.0,200,9.11,9.0,10.0,10.009999999999991,200,200,0,0,0.0
e-sync,baseline,baseline_m3,False,201,201,0,4.683,42.92120435618194,20.81094527363184,20.0,24.0,27.0,200,10.145,10.0,11.0,15.009999999999991,200,200,0,0,0.0
e-sync,baseline,baseline_m4,False,201,201,0,4.724,42.54868755292125,20.90049751243781,20.0,24.0,31.0,200,9.57,9.0,11.0,11.0,200,200,0,0,0.0
e-sync,baseline,baseline_m5,False,201,201,0,4.619,43.515912535180775,20.28358208955224,20.0,23.0,29.0,200,9.515,9.0,11.0,11.0,200,200,0,0,0.0
e-sync,baseline,baseline_warmup,True,201,201,0,4.736,42.44087837837838,21.034825870646767,20.0,25.0,37.0,200,9.58,9.0,10.0,11.0,200,200,0,0,0.0
e-sync,high,high_m1,False,9824,9824,0,60.413,162.6140069190406,112.0755293159609,113.0,167.85000000000036,211.0,9823,33.7933421561641,28.0,68.0,107.78000000000065,9823,9823,0,0,0.0
e-sync,high,high_m2,False,9926,9926,0,60.404,164.32686577047878,110.939149707838,112.0,162.0,204.0,9925,31.734508816120908,27.0,61.0,96.0,9925,9925,0,0,0.0
e-sync,high,high_m3,False,9209,9209,0,60.411,152.43912532485805,119.5419698121403,119.0,185.0,226.0,9208,43.04268027801911,38.0,86.0,126.0,9208,9208,0,0,0.0
e-sync,high,high_m4,False,9571,9571,0,60.383,158.50487720053655,115.0524501097064,114.0,180.5,233.29999999999927,9570,36.015882967607105,29.0,77.0,117.0,9570,9570,0,0,0.0
e-sync,high,high_m5,False,9934,9934,0,60.396,164.48109146301078,110.83803100463057,112.0,166.0,213.0,9933,31.555320648343905,27.0,60.0,99.0,9933,9933,0,0,0.0
e-sync,high,high_warmup,True,9141,9141,0,60.447,151.22338577596904,120.45312329066842,121.0,187.0,227.0,9140,43.66225382932166,38.0,86.04999999999927,123.61000000000058,9140,9140,0,0,0.0
e-sync,moderate,moderate_m1,False,3753,3753,0,60.425,62.110053785684734,45.67092992272848,47.0,67.0,73.0,3752,27.66551172707889,25.0,51.0,59.0,3752,3752,0,0,0.0
e-sync,moderate,moderate_m2,False,3697,3697,0,60.406,61.2025295500447,51.169867460102786,54.0,69.0,82.0,3696,32.02895021645022,30.5,55.0,61.0,3696,3696,0,0,0.0
e-sync,moderate,moderate_m3,False,3540,3540,0,60.435,58.5753288657235,58.813276836158195,62.0,74.0,80.61000000000013,3539,38.085334840350384,38.0,59.0,65.0,3539,3539,0,0,0.0
e-sync,moderate,moderate_m4,False,3671,3671,0,60.344,60.83454858809492,52.520294197766276,55.0,72.0,84.0,3670,32.34550408719346,31.0,56.0,64.0,3670,3670,0,0,0.0
e-sync,moderate,moderate_m5,False,3636,3636,0,60.312,60.28651014723438,53.835808580858085,55.0,70.0,78.0,3635,33.44924346629986,32.0,55.0,62.0,3635,3635,0,0,0.0
e-sync,moderate,moderate_warmup,True,3673,3673,0,60.397,60.814278854910015,48.76694799891097,51.0,67.0,73.0,3672,29.839324618736384,27.0,53.0,59.0,3672,3672,0,0,0.0
s-async,baseline,baseline_m1,False,201,201,0,2.85,70.52631578947368,11.328358208955224,11.0,13.0,19.0,400,1608.0675,1621.0,2922.05,3035.2999999999997,400,400,0,0,0.0
s-async,baseline,baseline_m2,False,201,201,0,2.848,70.57584269662922,11.512437810945274,11.0,14.0,20.0,200,1531.725,1509.0,2854.5499999999997,2967.1499999999996,200,200,0,0,0.0
s-async,baseline,baseline_m3,False,201,201,0,2.918,68.88279643591501,11.771144278606965,11.0,14.0,18.0,200,1391.5,1368.0,2626.15,2737.04,200,200,0,0,0.0
s-async,baseline,baseline_m4,False,201,201,0,3.114,64.54720616570327,12.696517412935323,11.0,18.0,47.0,200,1529.745,1630.5,2741.6499999999996,2860.0699999999997,200,200,0,0,0.0
s-async,baseline,baseline_m5,False,201,201,0,3.01,66.77740863787376,11.865671641791044,11.0,16.0,32.0,200,1448.55,1430.0,2740.6499999999996,2838.02,200,200,0,0,0.0
s-async,baseline,baseline_warmup,True,201,201,0,2.84,70.77464788732395,11.119402985074627,10.0,13.0,28.0,600,1576.5316666666668,1535.5,2876.1,3211.01,600,600,0,0,0.0
s-async,high,high_m1,False,48961,48961,0,60.403,810.5723225667599,33.62627397316231,33.0,50.0,62.0,1044,16675.32950191571,16574.5,32575.799999999996,33913.11,48960,1044,47922,47922,-0.012254901960784314
s-async,high,high_m2,False,46403,46403,0,60.459,767.5118675466018,35.47697347154279,33.0,58.0,88.0,970,16618.901030927835,16499.5,31750.8,33041.909999999996,46402,970,45436,45436,-0.008620318089737511
s-async,high,high_m3,False,39694,39694,0,60.435,656.8048316372963,41.49148485917267,38.0,76.0,105.0,986,16354.843813387424,16167.0,32397.75,33751.299999999996,39693,986,38712,38712,-0.012596679515279771
s-async,high,high_m4,False,45298,45298,0,60.432,749.5697643632512,36.34111881319264,35.0,57.0,77.0,974,16288.166324435319,16248.5,31410.699999999997,32806.8,45297,974,44326,44326,-0.0066229551625935495
s-async,high,high_m5,False,53360,53360,0,60.42,883.1512744124462,30.843909295352322,31.0,44.0,57.0,1051,16520.921979067556,16443.0,32205.5,33567.5,53359,1051,52313,52313,-0.00937049045147023
s-async,high,high_warmup,True,49375,49375,0,60.404,817.4127541222435,33.344101265822786,33.0,51.0,64.0,1019,16500.218842001963,16363.0,32230.199999999993,33629.38,49374,1019,48359,48359,-0.00810142990237777
s-async,moderate,moderate_m1,False,4825,4825,0,60.314,79.99801041217627,15.673160621761658,14.0,23.0,54.0,2264,16235.176236749117,16801.5,31022.7,32261.0,4824,2264,2572,2572,-0.24875621890547264
s-async,moderate,moderate_m2,False,4883,4883,0,60.377,80.8751676963082,13.796846201105877,13.0,19.0,25.0,2415,15932.297722567288,15967.0,30956.8,33990.880000000005,4882,2415,2471,2471,-0.0819336337566571
s-async,moderate,moderate_m3,False,4952,4952,0,60.366,82.0329324454163,12.926696284329564,12.0,18.0,26.0,2347,15739.438005965061,15690.0,30743.0,32084.239999999998,4951,2347,2608,2608,-0.08079175924055747
s-async,moderate,moderate_m4,False,4958,4958,0,60.37,82.12688421401359,13.13896732553449,12.0,20.0,32.0,2284,15795.371278458844,15833.0,30841.95,32144.510000000002,4957,2284,2677,2677,-0.08069396812588259
s-async,moderate,moderate_m5,False,4925,4925,0,60.389,81.55458775604828,13.393908629441624,13.0,20.0,23.0,2378,15814.656854499579,15750.5,30947.3,34496.020000000004,4924,2378,2550,2550,-0.08123476848090982
s-async,moderate,moderate_warmup,True,4919,4919,0,60.393,81.44983690162768,13.928847326692416,12.0,21.0,57.63999999999942,2323,16043.925957813173,16377.0,30780.8,34361.9,4918,2323,2600,2600,-0.101667344448963
s-sync,baseline,baseline_m1,False,201,201,0,19.293,10.418286425128285,93.68656716417911,93.0,98.0,105.0,200,84.72,85.0,89.0,92.13999999999987,200,200,0,0,0.0
s-sync,baseline,baseline_m2,False,201,201,0,18.79,10.697179350718468,90.72636815920399,90.0,95.0,98.0,200,79.67,79.0,81.0,86.0,200,200,0,0,0.0
s-sync,baseline,baseline_m3,False,201,201,0,19.513,10.300825090964997,94.44776119402985,93.0,105.0,119.0,200,82.865,81.0,92.0,107.00999999999999,200,200,0,0,0.0
s-sync,baseline,baseline_m4,False,201,201,0,19.493,10.311393833683887,94.07960199004975,93.0,103.0,107.0,200,82.3,81.0,88.0,93.1099999999999,200,200,0,0,0.0
s-sync,baseline,baseline_m5,False,201,201,0,18.822,10.678992668154288,91.04477611940298,91.0,96.0,101.0,200,80.3,80.0,84.0,90.03999999999996,200,200,0,0,0.0
s-sync,baseline,baseline_warmup,True,201,201,0,19.499,10.308220934406894,94.26865671641791,92.0,102.0,113.0,200,83.285,81.0,89.04999999999998,104.0,200,200,0,0,0.0
s-sync,high,high_m1,False,2402,2402,0,60.401,39.76755351732587,692.9646128226478,739.0,796.0,868.9799999999996,2401,238.1570179092045,241.0,283.0,294.0,2401,2401,0,0,0.0
s-sync,high,high_m2,False,2392,2392,0,60.426,39.58560884387515,695.7675585284281,743.0,800.0,846.0,2391,239.35842743621916,242.0,284.0,297.0999999999999,2391,2391,0,0,0.0
s-sync,high,high_m3,False,2412,2412,0,60.462,39.89282524560881,690.0368988391376,739.0,784.4499999999998,829.8899999999999,2411,237.60141020323516,240.0,276.0,287.0,2411,2411,0,0,0.0
s-sync,high,high_m4,False,2391,2391,0,60.399,39.586748124968956,695.8607277289836,745.0,799.0,829.0999999999999,2390,238.93807531380753,242.0,287.0,295.0,2390,2390,0,0,0.0
s-sync,high,high_m5,False,2395,2395,0,60.404,39.64969207337262,695.3837160751566,747.0,801.0,823.1199999999999,2394,240.3375104427736,244.0,291.0,298.0,2394,2394,0,0,0.0
s-sync,high,high_warmup,True,2381,2381,0,60.443,39.392485482189834,699.2536749265015,746.0,802.0,831.1999999999998,2380,240.38319327731094,243.0,278.0,296.21000000000004,2380,2380,0,0,0.0
s-sync,moderate,moderate_m1,False,2294,2294,0,60.424,37.96504700119158,147.89843068875328,148.0,185.0,194.0,2293,138.2725686873092,138.0,174.0,184.0,2293,2293,0,0,0.0
s-sync,moderate,moderate_m2,False,2317,2317,0,60.433,38.33997981235418,145.448856279672,145.0,175.0,213.6800000000003,2316,136.4006908462867,136.0,165.0,199.0,2316,2316,0,0,0.0
s-sync,moderate,moderate_m3,False,2321,2321,0,60.407,38.4226993560349,144.81775096940973,144.0,175.0,191.80000000000018,2320,135.08965517241379,135.0,165.0,179.0,2320,2320,0,0,0.0
s-sync,moderate,moderate_m4,False,2312,2312,0,60.447,38.24838288087084,145.88451557093427,145.0,175.0,194.88999999999987,2311,136.49935093033318,136.0,165.0,183.80000000000018,2311,2311,0,0,0.0
s-sync,moderate,moderate_m5,False,2283,2283,0,60.415,37.78862865182488,148.83749452474814,147.0,189.0,231.17999999999984,2282,138.38299737072742,137.0,179.0,218.0,2282,2282,0,0,0.0
s-sync,moderate,moderate_warmup,True,2279,2279,0,60.421,37.71867397097036,149.3132953049583,145.0,190.0,275.6599999999994,2278,138.58911325724318,135.0,178.0,255.46000000000004,2278,2278,0,0,0.0
x-async,baseline,baseline_m1,False,201,201,0,2.222,90.45904590459045,8.572139303482587,7.0,13.0,24.0,408,58027.02450980392,22397.5,215696.59999999998,223303.76,600,408,559435,559420,-93207.16666666667
x-async,baseline,baseline_m2,False,201,201,0,2.248,89.41281138790035,8.796019900497512,8.0,14.0,36.0,338,58570.97041420118,15846.5,282492.74999999994,311083.65,600,338,559433,559419,-93195.16666666667
x-async,baseline,baseline_m3,False,201,201,0,2.242,89.65209634255129,8.621890547263682,7.0,14.0,19.0,419,12053.739856801909,9162.0,20664.899999999998,159002.35999999888,600,419,553016,553014,-92139.16666666667
x-async,baseline,baseline_m4,False,201,201,0,2.14,93.9252336448598,8.199004975124378,7.0,12.0,16.0,200,11724.06,11649.5,20224.65,20901.219999999998,200,200,0,0,0.0
x-async,baseline,baseline_m5,False,201,201,0,2.182,92.11732355637031,8.432835820895523,7.0,12.0,15.0,46,24809.217391304348,24720.0,29828.5,30711.0,200,46,154,149,0.0
x-async,baseline,baseline_warmup,True,201,201,0,2.196,91.53005464480873,8.447761194029852,7.0,12.0,21.0,340,91085.48823529412,87255.0,296415.3,329392.21,800,340,1118818,1118784,-139794.75
x-async,high,high_m1,False,81148,81148,0,60.413,1343.2208299538179,6.7268447774436835,6.0,10.0,14.0,78,16796.70512820513,18997.5,29847.099999999995,31414.99,153119,78,153042,153036,-0.0006530868148302953
x-async,high,high_m2,False,78014,78014,0,60.41,1291.4087071676875,6.9970261747891405,7.0,10.0,14.0,178,14925.685393258427,12923.5,30304.75,31186.91,161392,178,161217,161213,-0.0018588281947060574
x-async,high,high_m3,False,82089,82089,0,60.486,1357.1570280726119,6.650732741292987,6.0,10.0,12.0,84,13633.27380952381,14817.0,30608.3,31165.71,82088,84,82005,82001,-0.0012182048533281357
x-async,high,high_m4,False,78361,78361,0,60.493,1295.3730183657613,6.965314378325953,7.0,10.0,15.0,130,11104.015384615384,7835.0,28228.05,29391.359999999997,78360,130,78230,78230,0.0
x-async,high,high_m5,False,77111,77111,0,60.443,1275.763942888341,7.077161494469012,7.0,11.0,15.0,59,13576.440677966102,10472.0,29143.5,30450.320000000003,77110,59,77052,77052,-0.0012968486577616392
x-async,high,high_warmup,True,84175,84175,0,60.435,1392.8187308678746,6.483136323136323,6.0,9.0,12.0,110,12160.181818181818,12713.0,25451.1,30595.059999999998,170821,110,170711,170703,0.0
x-async,moderate,moderate_m1,False,4610,4610,0,60.338,76.40293016009811,19.737527114967463,19.0,33.0,37.0,92,18811.228260869564,19280.0,30558.0,31306.31000000001,4609,92,4517,4513,0.0
x-async,moderate,moderate_m2,False,4542,4542,0,60.378,75.22607572294544,21.202994275649495,21.0,32.0,37.0,380,14996.136842105263,14676.0,30072.5,34605.06,4541,380,4164,4163,-0.06606474344857961
x-async,moderate,moderate_m3,False,4540,4540,0,60.442,75.11333178915324,18.881277533039647,19.0,29.0,34.0,454,16664.740088105726,16626.5,32527.1,33961.31,4539,454,4087,4087,-0.04406256884776383
x-async,moderate,moderate_m4,False,4470,4470,0,60.358,74.05811988468803,20.22304250559284,20.0,31.0,35.3100000000004,195,19968.85641025641,23845.0,31434.6,32468.0,4469,195,4274,4271,0.0
x-async,moderate,moderate_m5,False,4510,4510,0,60.324,74.76294675419402,21.921729490022173,22.0,33.0,41.0,93,24682.56989247312,26599.0,32534.6,33040.6,4509,93,4418,4413,-0.04435573297848747
x-async,moderate,moderate_warmup,True,4675,4675,0,60.355,77.45837130312319,18.506524064171124,17.0,31.0,39.0,141,8230.460992907801,5269.0,27630.0,32526.6,4674,141,4533,4533,0.0
x-sync,baseline,baseline_m1,False,201,201,0,431.823,0.4654684905621053,2145.4228855721394,259.0,10045.0,10129.0,173,898.0,215.0,5259.600000000001,8208.56,200,173,27,0,0.0
x-sync,baseline,baseline_m2,False,201,201,0,218.608,0.9194539998536192,1084.5174129353234,221.0,6120.0,9853.0,199,1022.1155778894472,195.0,5822.499999999998,8919.64000000001,200,199,1,0,0.0
x-sync,baseline,baseline_m3,False,201,201,0,104.716,1.9194774437526263,518.1044776119403,225.0,2466.0,5647.0,200,498.36,203.0,2444.1999999999975,5623.939999999997,200,200,0,0,0.0
x-sync,baseline,baseline_m4,False,201,201,0,47.792,4.205724807499163,235.0497512437811,210.0,328.0,584.0,199,212.25125628140702,184.0,305.5,563.8000000000014,200,199,1,0,0.0
x-sync,baseline,baseline_m5,False,201,201,0,337.971,0.5947255829642188,1727.7462686567164,216.0,10037.0,10057.0,182,889.3626373626373,184.5,5477.849999999997,8004.68,200,182,18,0,0.0
x-sync,baseline,baseline_warmup,True,201,201,0,49.91,4.027249048286917,245.29353233830847,214.0,316.0,522.0,200,220.985,186.5,298.0,493.9499999999964,200,200,0,0,0.0
x-sync,high,high_m1,False,385,385,0,60.072,6.408975895591956,1541.374025974026,209.0,10028.4,10047.0,357,880.6694677871149,182.0,6285.599999999992,9314.359999999999,384,357,27,0,0.0
x-sync,high,high_m2,False,2234,2234,0,60.343,37.021692656977606,248.24171888988363,201.0,515.0,715.4100000000017,2233,234.65875503806538,188.0,498.0,695.079999999999,2233,2233,0,0,0.0
x-sync,high,high_m3,False,2403,2403,0,60.382,39.796628134212185,230.66125676238036,192.0,304.0,724.0200000000009,2401,217.51811745106207,176.0,288.0,708.0,2402,2401,1,0,0.0
x-sync,high,high_m4,False,615,615,0,60.352,10.190217391304348,1002.5642276422765,196.0,10025.3,10042.86,571,307.507880910683,176.0,302.5,3837.999999999999,614,571,43,0,0.0
x-sync,high,high_m5,False,462,462,0,60.389,7.65039990726788,1227.5757575757575,209.0,9988.149999999996,10036.78,437,728.4347826086956,188.0,3230.199999999997,8805.76,461,437,24,0,0.0
x-sync,high,high_warmup,True,309,309,0,60.183,5.134340262200289,1927.3656957928802,213.0,10033.6,10047.92,277,1003.3971119133574,186.0,5615.2,7942.840000000006,308,277,31,0,0.0
x-sync,moderate,moderate_m1,False,473,473,0,60.25,7.850622406639004,1205.566596194503,230.0,10031.4,10058.119999999999,428,278.8200934579439,199.0,336.8499999999998,932.8400000000001,472,428,44,0,0.0
x-sync,moderate,moderate_m2,False,1138,1138,0,60.348,18.85729435938225,413.6493848857645,226.0,549.2999999999997,10024.63,1124,285.5462633451957,207.0,406.24999999999955,1453.6399999999994,1137,1124,13,0,0.0
x-sync,moderate,moderate_m3,False,572,572,0,60.184,9.504187159377908,966.9702797202797,242.0,9592.399999999994,10047.29,545,514.1871559633028,216.0,1055.7999999999977,8493.479999999981,571,545,26,0,0.0
x-sync,moderate,moderate_m4,False,350,350,0,60.08,5.8255659121171774,1622.9114285714286,248.0,10027.0,10046.57,317,755.3753943217665,215.0,4860.799999999999,7223.559999999998,349,317,32,0,0.0
x-sync,moderate,moderate_m5,False,340,340,0,59.454,5.718706899451677,1710.2617647058823,222.5,10037.05,10056.22,307,822.0879478827361,193.0,4942.8,7378.94,339,307,32,0,0.0
x-sync,moderate,moderate_warmup,True,192,192,0,60.406,3.178492202761315,3131.296875,260.0,10058.8,10103.24,144,868.0,215.0,4598.8499999999985,9549.169999999995,191,144,47,0,0.0
